chef_name,restaurant_name,address,cuisine_type,chef_comment,best_dish
Olivier Daniel,Babel Babel,"2 Cr Jacques Chirac, 06300 Nice",French,,
Olivier Daniel,Cinq,"5 Rue de la Bourgade, 06140 Tourrettes-sur-Loup",Nordic/Danish,"5-course menu that changes every day, Danish chef, unique location.",
Olivier Daniel,Le Ponpon,"4 Rue Emile Négrin, 06400 Cannes",,,
Olivier Daniel,Le Canon,"23 Rue Meyerbeer, 06000 Nice",Bistro,"Bistro with 100% local products, a lot of seafood and meat on the plate, and vintage natural wines, a must!",
Olivier Daniel,Dussal Cave a Manger,"2 Pl. Surian, 06140 Vence",,"Hugo has worked in some beautiful establishments, Christophe Dufau among others, and has opened a cave à manger full of surprises.",
Olivier Daniel,Les Dilettants,"1193 Chem. de Saint-Bernard, 06220 Vallauris",,,
Olivier Daniel,La Part des Anges,"17 Rue Gubernatis, 06000 Nice",,"For a very boozy lunch, the lunch menu changes every day, its set, there is no choice and that is what is good.",
Olivier Daniel,L'Autobus,"142 Av. de Gairaut, 06100 Nice",Niçoise,"Niçoise cuisine, ravioli, daube, farcis and more (served by the fireplace in winter and in the garden with a petanque court in summer).",
Olivier Daniel,Hostellerie Jérôme,"20 Rue du Comté de Cessole, 06320 La Turbie",Gastro,"A pretty classic gastro which is very good value for money, a must!",
Olivier Daniel,La Merenda,"4 Rue Raoul Bosio, 06300 Nice",,To eat local chic.,
Olivier Daniel,Banh Mei,"6 Rue Rossetti, 06300 Nice",Vietnamese,The pho is to die for.,Pho
Olivier Daniel,Epiro,"53 Bd Stalingrad, 06300 Nice",Italian,"Amatriciana + deep fried burrata, mama mia!!","Amatriciana, Deep fried burrata"
Sébastien Perinetti,Le Canon,"23 Rue Meyerbeer, 06000 Nice",French,,
Sébastien Perinetti,L'Auberge de la Roche,"La Roche, 06420 Valdeblore",,"A must. The products and the precision, a journey! A wine list of the highest quality. A rare place, where Micka, Louis-Philippe, and Alexis amaze us.",
Sébastien Perinetti,Le Bistrot du Port,"53 Av. des Frères Roustan, 06220 Golfe Juan (Le)",,We come here for the fish. Super bouillabaisse. A cuisine committed to the sea and local catch. A real treat!,Bouillabaisse
Sébastien Perinetti,Lou'Bar,"3 Rue des Mesures, 06270 Villeneuve-Loubet",,"Pierrot's pirate lair. Beautiful wines, snacks to nibble on, and now a nice table open on the weekend with a menu.",
Sébastien Perinetti,Entre 2 Vins,"2 Rue James Close, 06600 Antibes",,Mathieu's delicious dishes and Franck's superb selection of wines make this a very appealing bistro!,
Sébastien Perinetti,La Table des Baous,"42 Rue nationale, 06640 Saint-Jeannet",,"The show on the plate, and in the room when Seb comes out of the kitchen. Beautiful local products on the menu, it's great!",
Sébastien Perinetti,Auberge de Sauze,"Pl. de la Mairie, 06470 Sauze",,"Beautiful local produce and exciting cuisine from Thomas, who, assisted by Anaïs, delight us in one of the most beautiful valleys of the region. A small selection of wines that we like.",
Sébastien Perinetti,Lavomatique,"11 Rue du Pont Vieux, 06300 Nice",,"Hugo serves bomb small dishes, gourmet and tasty, a blast! And one of the few to offer exciting vintage wines. Top!",
Sébastien Perinetti,Mallard,"6 Rue Maraldi, 06300 Nice",,"Nino's beautiful touch in the kitchen, Guigui as zébulon in the dining room, a bistro menu, and a lot of things to drink from a constantly expanding wine list.",
Sébastien Perinetti,Les Dilettants,"1193 Chem. de Saint-Bernard, 06220 Vallauris",,"Thomas's lively cuisine, tasteful, with produce that sometimes comes out of the adjoining garden. A great getaway!",
Sébastien Perinetti,Banh Mei,"6 Rue Rossetti, 06300 Nice",Vietnamese,"You's great food, lively and fresh, wontons to die for, and Renaud's wine selection, which grows every day with sharp and highly drinkable wines.",Wontons
Sébastien Perinetti,La Part des Anges,"17 Rue Gubernatis, 06000 Nice",,"Unmissable and timeless. A place to learn about natural wine! And Brice's cooking is full of audacity and subtlety, combining surf and turf! A chef's dream! And a top team led by Papa Olive!",
Sébastien Perinetti,Epiro,"53 Bd Stalingrad, 06300 Nice",Italian,"Rome - Nice, beautiful pasta made in-house, generous and bright dishes, and the Italian viticulture we love. Heavenly!",Pasta
Sébastien Perinetti,Casa Sallusti,"670 Chem. des Collets, 06640 Saint-Jeannet",,"A magical place, in a calm environment, the amazing touch of Hugo, creative and precise, and the energy of Luna, you feel good here.",
Sébastien Perinetti,Cinq,"5 Rue de la Bourgade, 06140 Tourrettes-sur-Loup",,"Big ""miams"" on every bite of the menu concocted by Stephan, and Elise offers great wines to accompany them.",
Sébastien Perinetti,La pêche à la vigne,"13 Rue Cassini, 06300 Nice",,"Beautiful selection of products, atypical and exciting wine list, with superb Slovenian finds, we go there for the gourmandize of the plates and the wonderful welcoming atmosphere, thanks to Simona and Léo.",
Sébastien Perinetti,Chez Davia,"11bis Rue Grimaldi, 06000 Nice",French,"Pierre's cooking is precise and delicious. He keeps with tradition but adds a bit of excitement. Barbajuans, capoun, pâtes au pistou...we indulge.","Barbajuans, capoun, pâtes au pistou"
Sébastien Perinetti,Jeanne,"10 Rue Sade, 06600 Antibes",,"The Pétard sisters, great wines on the table, an enchanting cave à manger, and dishes where the local products shine. Treat your tastebuds!",
Sébastien Perinetti,Le Ponpon,"4 Rue Emile Négrin, 06400 Cannes",,For Bruno's delicious and playful dishes and a fine selection of natural wines.,
Sébastien Perinetti,Amarea,"Lungomare Argentina, 1, 18012 Bordighera IM, Italy",Italian,"The sea all around and on the plate! At Romolo's, the beautiful gamberoni, brandacujun, fritto misto, you can enjoy Nadi's food with a view, and the drinks, orchestrated by Davide, are not forgotten!","Gamberoni, brandacujun, fritto misto"
Sébastien Perinetti,Maido,"31 Rue Gioffredo, 06000 Nice",Japanese,"The Izakaya of Nice. Lots of delicious dishes, superb gyoza, chirashi, a selection of good wine, and sakes to discover!","Gyoza, chirashi"
Sébastien Perinetti,Babel Babel,"2 Cr Jacques Chirac, 06300 Nice",Mediterranean,"The location, in front of the sea, exciting cocktails, very nice selection of lively Mediterranean wines. And Francesca and her team's dishes that make your head spin. We want more.",
Victoria Gil & Guilhem Malisson,Le Bec Du Coq,"28 Boulevard Notre Dame, 13006 Marseille",French,,
Victoria Gil & Guilhem Malisson,Sépia,"2 Rue Vauvenaroques, 13007 Marseille",,,
Victoria Gil & Guilhem Malisson,Chez Yassine,"8 Rue d'Aubagne, 13001 Marseille",,For the fish couscous on Sundays.,
Victoria Gil & Guilhem Malisson,Hako +,"218 Chem. du Roucas Blanc, 13007 Marseille",,Perfect bento lunch.,
Victoria Gil & Guilhem Malisson,Chez Etienne,"43 Rue Lorette, 13002 Marseille, France",,"We don't go to a restaurant, we go Chez Etienne, an institution.",
Victoria Gil & Guilhem Malisson,Ouréa,"72 Rue de la Paix Marcel Paul, 13006 Marseille",,,
Victoria Gil & Guilhem Malisson,Shanghai Kitchen,"14 Cr Jean Ballard, 13001 Marseille",Chinese,The best Chinese restaurant in Marseille.,We love the pieds de cochons.
Victoria Gil & Guilhem Malisson,Limmat,"41 Rue Estelle, 13006 Marseille",,"For the location, the atmosphere, and the modern primarily vegetable-centered cuisine.",
Victoria Gil & Guilhem Malisson,Jeanne,"10 Rue Sade, 06600 Antibes",,"In Antibes: fine wine selection, cuisine full of inspiration.",
Victoria Gil & Guilhem Malisson,La Courtille Tavel,"208 Chem. des Cravailleux, 30126 Tavel",,A restaurant open during the summer in the heart of the vineyards in Tavel. Great offal dishes.,
Victoria Gil & Guilhem Malisson,Mouné,"30 Rue Fortia, 13001 Marseille, France",Lebanese,The best Lebanese restaurant in Marseille.,
Catalin Indreica,Bocca Nissa,"3 Rue Saint-François de Paule, 06300 Nice",Mediterranean,,
Catalin Indreica,Comptoir du Marché,"8 Rue du Marché, 06000 Nice",,"You will be very well received here, the hospitality in this small restaurant is irreproachable, and its place in the Michelin guide is well-deserved.","Don't miss: the calamars à la plancha accompagnés d'un coulis à l'orange, and the joue de bœuf."
Catalin Indreica,La Merenda,"4 Rue Raoul Bosio, 06300 Nice",,"The resistance is here! This mythical place in Nice proposes a beautiful menu around niçoise tradition, You shouldn't miss the pâtes au pistou and the pissaladière.",Pâtes au pistou and pissaladière
Catalin Indreica,Le Bar des Oiseaux,"5 Rue Saint-Vincent, 06300 Nice",,Pop art decoration with an authentic feel. Le Bar des Oiseaux offers a very sophisticated and refined cuisine.,"The à la carte options are numerous and I would recommend you try the tartare au melon, the stracciatella fumée, the raviolis à l'encre de seiche, the calamars, or the mousse carbonara."
Catalin Indreica,La Cave du Fromager,"29 Rue Benoît Bunico, 06000 Nice",,"In a welcoming and family-like atmosphere, you will find the best fondue I have ever tasted! The brownie aux noisettes du Piémont is a must and everything is accompanied by a very nice selection of natural wines.",Fondue and brownie aux noisettes du Piémont
Catalin Indreica,Olive & Artichaut,"6 Rue Sainte-Reparate, 06300 Nice",,"Simple but delicate, this restaurant nestled in the narrow streets of Vieux Nice offers seasonal menus with fresh products from local producers.",
Catalin Indreica,Babel Babel,"2 Cr Jacques Chirac, 06300 Nice",,"Always received as if at home, the atmosphere is matched by well prepared dishes accompanied by a rich and varied selection of natural wines.",Don't miss the vitello tonnato and the rougets en kadaïf.
Catalin Indreica,Lavomatique,"11 Rue du Pont Vieux, 06300 Nice",,"You'll enjoy a delicious and generous cuisine, with plates to share in a very pleasant setting.","I recommend the saucisse maison à la sauce barbecue, and the lentilles."
Catalin Indreica,Geppetto,"9 Rue Chauvain, 06000 Nice",Italian,"Always well received by the owner, Alex, this restaurant offers Italian cuisine the way we like it!","The must: the real carbonara and for dessert, a good tiramisu, go there with your eyes closed!"
Catalin Indreica,Peixes,"4 Rue Jacques Médecin, 06300 Nice",Seafood,The restaurant offers a generous cuisine with a focus on fresh seafood.,My favourite is the ceviche à la saint jacques et au thon.
Catalin Indreica,Farago on the roof,"Rooftop de l'AC Hotel by Marriott Nice, Rue Honoré Sauvan, 59 Prom. des Anglais, 06000 Nice",,"We go there for the magnificent view but not only! You will find very good tapas, varied and full of flavour, with my favourite being the poulpe mijoté à la sauce tomate.",Poulpe mijoté à la sauce tomate
Guillaume Tran-tu,Mallard,"6 Rue Maraldi, 06300 Nice",French,,
Guillaume Tran-tu,Le Glouphile,"41 Bd Stalingrad, 06300 Nice",,Prestigious wine cellar and Spanish charcuterie.,
Guillaume Tran-tu,La Cave Rembrandt,"54 Bd Général Louis Delfino, 06300 Nice",,"Dynamic, organic natural wine cellar with a fine selection and low prices.",
Guillaume Tran-tu,Lavomatique,"11 Rue du Pont Vieux, 06300 Nice",,Innovative bar food and high-quality natural wines.,
Guillaume Tran-tu,Chabrol,"12 Rue Bavastro, 06300 Nice",,"Charming restaurant, refined cuisine, and fine wines.",
Guillaume Tran-tu,Le Canon,"23 Rue Meyerbeer, 06000 Nice",,Rue Meyerbeer. Changing menu that's written on a chalkboard and great wines.,
Guillaume Tran-tu,ROUGE,"2 Rue de Foresta, 06300 Nice",,"Rue Foresta. In a clearing with a view of the port. Small sharing plates, the best are the croquettes de parmesan.",Croquettes de parmesan
Guillaume Tran-tu,Babel Babel,"2 Cr Jacques Chirac, 06300 Nice",,"All day dining on the boardwalk, natural wines, and small sharing plates.",
Guillaume Tran-tu,D'AQUI,"28 Rue Cassini, 06300 Nice",,Socca-based Nissart street food.,
Guillaume Tran-tu,La treille bar a vin,"7 Rue Saint-Augustin, 06300 Nice",,A wine bar with cheap sharing plates in the heart of Vieux Nice.,
Adam Aamanns,Aamanns 1921,"Niels Hemmingsens Gade 19-21, 1153 Copenhagen, Denmark",Scandinavian,"My restaurants offers a slightly updated version of Smørrebrød, working on enhancing flavor and hopefully offering something surprising. This is where I would come if I wanted classic Smørrebrød and I don't want to cook it myself, something like an easygoing piece of potato on rye with mayo and crispy onions. This is the classic lunch experience complete with harsh waiters that want to pour schnapps down your throat...it's part of the charm!.","Very strong on the Herring, the fish dishes tend to be more interesting, it's elemental and has a balance of sweet and sour and things going on."
Adam Aamanns,Schønnemann,"Hauser Pl. 16, 1127 Copenhagen, Denmark",Scandinavian,"This is where I would come if I wanted classic Smørrebrød and I don't want to cook it myself, something like an easygoing piece of potato on rye with mayo and crispy onions. This is the classic lunch experience complete with harsh waiters that want to pour schnapps down your throat...it's part of the charm!.","Very strong on the Herring, the fish dishes tend to be more interesting."
Adam Aamanns,Bottega Estadio,"Gunnar Nu Hansens Pl. 9, 2100 Copenhagen, Denmark",Mediterranean,"A Mediterranean place with a huge grill. You can choose either shellfish or meat from the grill but the fish is normally what I would choose. I like the whole grilled fish with tossed salad, easygoing but sharp and good value for money. Open from Thursday to Saturday and always very full and noisy in a good way.",
Adam Aamanns,Marchal,"Hotel d'Angleterre, Kongens Nytorv 34, 1050 Copenhagen, Denmark",French,"As a young chef, I worked in France and Italy so I'm a sucker for both cuisines. This is one of the greatest places that extravagantly showcases French cuisine. It's not cheap but it's all about lobster, turbot, and caviar so if you're up for having a treat then this is the place to go. Head chef Jakob De Neergaard is an expert at classic comfort flavors at a high level.",
Adam Aamanns,Mielcke & Hurtigkarl,"Frederiksberg Runddel 1, 2000 Frederiksberg, Denmark",Asian-Japanese-Nordic,Michelin prices. Every year the Michelin guide comes out and every year we shake our heads that Mielcke & Hurtigkarl don't get a star. Asian-Japanese-nordic inspired with complex flavors that are controlled very well. Led by an Italian chef who is undogmatic and takes inspiration from all over the world. I find coming here inspirational because it's so different from other Copenhagen restaurants. Also one of Copenhagen's best sommeliers.,
Adam Aamanns,Famo Metro,"Øster Søgade 114, 2100 Copenhagen, Denmark",Italian,"Local Italian restaurant owned by Italian Chef Fabbio Masson who has worked in Copenhagen for the past 30 years or more. He owns a few restaurants but this one is close to my home. The menu is set up so you get little antipasti, primi, secondo, and dolce, all in 6-7 servings. Classic easygoing Italian food with an ever-changing menu, always great antipasti and pasta, and very inexpensive (for Copenhagen). Probably one of the places I go to the most, it's good, simple, and close by.",
Adam Aamanns,Juju,"Øster Farimagsgade 8, 2100 Copenhagen, Denmark",Korean,"A Korean restaurant not far from me by bicycle and it's also my business neighbor. Neither expensive nor inexpensive. Easygoing, extremely sharp comfort food. They have great kimchi, fantastic dishes from the barbecue, mussels, and langoustine. Indefinitely recommended. Excellent Korean food, great desserts, and one of the first of its kind in Copenhagen.",
Adam Aamanns,À Côté,"Gothersgade 39, 1101 Copenhagen, Denmark",French,"One chef doing everything, with a weekly changing menu. Home-style french cooking and only open four days a week. It's like going to eat at someone's house, everything is freshly made, no big mise en place, you cook in the afternoon and then open serve what you made a few hours before. The menu changes all the time so you could be getting a pithivier with morel sauce or sardines in escabeche.",
Adam Aamanns,Restaurant Tinggården,"Frederiksvækvej 182, 3300 Frederiksvær, Denmark",Danish,"Tinggaarden is about an hour from Copenhagen and is still owned and run by the same chef Jan Friis Mikkelsen and his family, as when I worked there as a young chef. It's based in an old farmhouse and he's been using local produce from the community since long before that was a thing. Very strong on local Danish sesonal ingredients, sourced very locally, the inspiration is with a slight tone of France, nothing is overdone, definitely not cheap but not super expensive either. Very down-to-earth and charming, it's an experience that will take you back in time.",
Adam Aamanns,Ranees,"Blågårds Pl. 10, 2200 Copenhagen, Denmark",Thai,"The closest you get to Thai cooking in Copenhagen. Ranee the owner has been doing great Thai cooking for the past 15-20 years or so and she does an excellent job. There are dishes with strong chili that I like once in a while, it can be uncomfortable eating but in a good way! A lot of restaurants open and close in Copenhagen so I have deep respect that she's still here and I feel an obligation to visit and keep these places going.","It's a small menu that changes often but there are very interesting entrees, green papaya salad, excellent larbs (great before the big curries), and an overall different and more authentic selection than other Thai places."
unknown — check profile page,Café de Parel,"Westerstraat 266, 1015 MT Amsterdam, Netherlands",,,
unknown — check profile page,La Petite Ourse,"48 bd Liberté, 35000 Rennes",,,
unknown — check profile page,Silberbauers Bistro,"Jægerborggade 40, 2200 Copenhagen, Denmark",,,
unknown — check profile page,Casa Lhasa,"Carrer Sant Llorenç, 2, 07812 Sant Llorenç de Balàfia, Balearic Islands, Spain",,,
unknown — check profile page,Les Cornettes,"43 Route des Frasses, 74360 La Chapelle-d'Abondance",,,
unknown — check profile page,Mensae,"23 Rue Melingue, 75019 Paris",,,
unknown — check profile page,Emma Metzler,"Schaumainkai 17, 60594 Frankfurt am Main, Germany",,,
unknown — check profile page,Violet,"47 Wilton Way, London E8 3ED, United Kingdom",,,
unknown — check profile page,Kronenhalle,"Rämistrasse 4, 8001 Zürich, Switzerland",,,
unknown — check profile page,Café Deco,"43 Store St, London WC1E 7DB, United Kingdom",,,
unknown — check profile page,Churreria Santa Lucía,"Portu Kalea, 6, 20003 Donostia, Gipuzkoa, Spain",,,
unknown — check profile page,Formosa Cafe,"7156 Santa Monica Blvd, West Hollywood, CA 90046, United States",,,
unknown — check profile page,Marisquería Los Marinos Jose,"P.° Marítimo Rey de España, 161, 29640 Fuengirola, Málaga, Spain",,,
unknown — check profile page,Max und Moritz,"Oranienstraße 162, 10969 Berlin, Germany",,,
unknown — check profile page,Einer,"Prinsens gate 18, 0152 Oslo, Norway",,,
unknown — check profile page,Pulejo ristorante,"Via dei Gracchi, 31, 00192 Roma RM, Italy",,,
unknown — check profile page,Rovello 18,"Via Tivoli, 2, 20121 Milano MI, Italy",,,
unknown — check profile page,Gem,"116 Forsyth St, New York, NY 10002, United States",,,
unknown — check profile page,Rimessa Roscioli,"Via del Conservatorio, 58, 00186 Roma RM, Italy",,,
unknown — check profile page,Ulus 29,"Ulus, Ahmet Adnan Saygun Cd. No:71/1, 34340 Beşiktaş/Istanbul, Turkey",,,
unknown — check profile page,Moltabarra Bar de Tapas,"Carrer del Pes de la Farina, 12, 07001 Palma, Balearic Islands, Spain",,,
unknown — check profile page,O Mammy Burger Marrakech,"Marrakech Golf City, clubhouse The Montgomerie Marrakech, 40160, Morocco",,,
unknown — check profile page,La Lira focacceria,"Largo Martellotta, 67, 70011 Alberobello BA, Italy",,,
unknown — check profile page,Ganbara,"C. de San Jerónimo, 21, 20003 Donostia-San Sebastian, Gipuzkoa, Spain",,,
unknown — check profile page,Sources,"22 Rue de Verdun, 44000 Nantes",,,
unknown — check profile page,Restaurante Laja,"km 83 Tecate Vivienda, Popular, 22850 Ensenada, B.C., Mexico",,,
unknown — check profile page,Tête en l'air,"19 Av. Emmanuel Maignan, 31200 Toulouse",,,
unknown — check profile page,Arroyo Chop House,"536 S Arroyo Pkwy, Pasadena, CA 91105, United States",,,
unknown — check profile page,Demo,"Jr, 28 De Julio 204, Barranco 15063, Peru",,,
unknown — check profile page,Bar Anita,"Lugar Barri San Carlos, s/n, Islas, 07850 Sant Carles de Peralta, Balearic Islands, Spain",,,
unknown — check profile page,Marmota,"Plaza Río de Janeiro 53, Roma Nte., Cuauhtémoc, 06700 Ciudad de México, CDMX, Mexico",,,
unknown — check profile page,La Docena,"Frontera 31, Roma Nte., Cuauhtémoc, 06700 Ciudad de México, CDMX, Mexico",,,
unknown — check profile page,Olivia restaurant,"55 Keong Saik Rd., #01-03, Singapore 089158",,,
unknown — check profile page,Cadence by Dan Bark,"225 Soi Pridi Banomyong 25, Wattana, Khlong Toei, Bangkok 10110, Thailand",,,
unknown — check profile page,Café China,"59 W 37th St, New York, NY 10018, United States",,,
unknown — check profile page,Dinings,"22 Harcourt St, London W1H 4HH, United Kingdom",,,
unknown — check profile page,Schmaltz Delicatessan,"Nybrogatan 19, 114 39 Stockholm, Sweden",,,
unknown — check profile page,Osteria del Caroseno,"Via Santomagno, 18, 70013 Castellana Grotte BA, Italy",,,
unknown — check profile page,Rufino Osteria,"Strandgade 14, 1401 Copenhagen, Denmark",,,
unknown — check profile page,Jeanne-Aimée,"3 Rue Bourdaloue, 75009 Paris",,,
unknown — check profile page,La Fisna Vinos,"C. del Amparo, 91, 28012 Madrid, Spain",,,
unknown — check profile page,Empreinte,"15 Pl. Valencia, 56000 Vannes",,,
unknown — check profile page,Gresca Restaurant,"C/ de Provença, 230, 08036 Barcelona, Spain",,,
unknown — check profile page,SeBE,"Av. de las Islas Canarias, 20, 35508 Costa Teguise, Las Palmas, Spain",,,
unknown — check profile page,Tia Tia,"Rua do Almada 501, 4050-039 Porto, Portugal",,,
unknown — check profile page,Mesa Ibiza,"Diseminado Bar Stop, 735, 07829, Balearic Islands, Spain",,,
unknown — check profile page,Cecile,"43 Pl. des Carmes, 31000 Toulouse",,,
unknown — check profile page,Asmali Cavit,"Asmali Mescit, Asmali Mescit Cd. 16/D, 34430 Beyoğlu/Istanbul, Turkey",,,
unknown — check profile page,Kosmos,"Lagerstrasse 104, 8004 Zürich, Switzerland",,,
unknown — check profile page,Erba Brusca,"Alzaia Naviglio Pavese, 286, 20142 Milano MI, Italy",,,
unknown — check profile page,Early June,"19 Rue Jean Poulmarch, 75010 Paris",,,
unknown — check profile page,Hot Shop,"Københavngata 18, 0566 Oslo, Norway",,,
unknown — check profile page,Breda,"Singel 210, 1016 AB Amsterdam, Netherlands",,,
unknown — check profile page,Bioesseri Palermo,"Via Giuseppe la Farina, 4, 90141 Palermo PA, Italy",,,
unknown — check profile page,Golden Koloreç iskembe and Kellepaca,"Mecidiye, Dereboyu Cd. No:3, 34347 Beşiktaş/Istanbul, Turkey",,,
unknown — check profile page,Santa Maria fornello pronto,"Via Santa Maria, 104, 70017 Putignano BA, Italy",,,
unknown — check profile page,Le Mermoz,"16 Rue Jean Mermoz, 75008 Paris",,,
unknown — check profile page,BISe,"Norra Vallgatan 88, 211 22 Malmö, Sweden",,,
unknown — check profile page,Pasticceria Sissi,"Piazza Risorgimento, 6, 20129 Milano MI, Italy",,,
unknown — check profile page,Café du coin,"9 Rue Camille Desmoulins, 75011 Paris, France",,,
unknown — check profile page,Epiro (Roma),"Piazza Epiro, 26, 00183 Roma RM, Italy",,,
unknown — check profile page,GOTA,"C. de Prim, 5, 28004 Madrid, Spain",,,
unknown — check profile page,Arlette,"Moll de Llevant, 298, 07701 Maó, Balearic Islands, Spain",,,
unknown — check profile page,Les Brigittines,"Pl. de la Chapelle 5, 1000 Bruxelles, Belgium",,,
unknown — check profile page,Le Saint Sebastien,"42 Rue Saint-Sébastien, 75011 Paris",,,
unknown — check profile page,Terraméa,"Route de Piccovaggia, 20137 Porto-Vecchio",,,
unknown — check profile page,Bistro Na's,"9055 Las Tunas Dr #105, Temple City, CA 91780, United States",,,
unknown — check profile page,Antica Osteria del Mirasole,"Via Giacomo Matteotti, 17, 40017 San Giovanni in Persiceto BO, Italy",,,
unknown — check profile page,Ristorante Rifugio Crucolo,"Str. dei Sassi Rossi, 38050 Scurelle TN, Italy",,,
unknown — check profile page,Cantoche,"13 Rue Haxo, 13001 Marseille",,,
unknown — check profile page,Gazela,"Tv. Cimo de Vila 4, 4000-434 Porto, Portugal",,,
unknown — check profile page,Chamicos Tulum,"Calle Gama Ote. 735, Tulum Centro, Parque Lacroc, 77760 Tulum, Q.R., Mexico",,,
unknown — check profile page,Mokoloco,"74 Rue de Charonne, 75011 Paris",,,
unknown — check profile page,Planque,"322-324 Acton Mews, London E8 4EA, United Kingdom",,,
unknown — check profile page,Borda Berri,"Fermin Calbeton Kalea, 12, 20003 Donostia, Gipuzkoa, Spain",,,
unknown — check profile page,Frantzén,"Klara Norra kyrkogata 26, 111 22 Stockholm, Sweden",,,
unknown — check profile page,Flocons de Sel,"1775 Rte du Leutaz, 74120 Megève",,,
unknown — check profile page,Desde 1911,"C. Vivero, 3, 28040 Madrid, Spain",,,
unknown — check profile page,Supreme Roastworks,"Thorvald Meyers gate 18A, 0555 Oslo, Norway",,,
unknown — check profile page,Trecca,"Via Alessandro Severo, 220, 00145 Roma RM, Italy",,,
unknown — check profile page,North Abraxas by Eyal Shani,"Lilienblum St 40, Tel Aviv-Yafo, Israel",,,
unknown — check profile page,Jouvence,"172 Bis Rue du Faubourg Saint-Antoine, 75012 Paris",,,
unknown — check profile page,CORDO,"Große Hamburger Str. 32, 10115 Berlin, Germany",,,
unknown — check profile page,Peppone Restaurant,"11628 Barrington Ct, Los Angeles, CA 90049, United States",,,
unknown — check profile page,Orfoz,"Kumbahçe, Zeki Müren Cd. No:13, 48400 Bodrum/Muğla, Turkey",,,
unknown — check profile page,Friture Rene,"Pl. de la Résistance 14, 1070 Anderlecht, Belgium",,,
unknown — check profile page,Sacha,"Zona ajardinada, C. de Juan Hurtado de Mendoza, 11, Posterior, 28036 Madrid, Spain",,,
unknown — check profile page,Methavalai Sorndaeng,"78/2 Ratchadamnoen Ave, Wat Bowon Niwet, Phra Nakhon, Bangkok 10200, Thailand",,,
unknown — check profile page,Bang Bang,"09 Rue du Liban, 75020 Paris",,,
unknown — check profile page,COTE Korean Steakhouse,"16 W 22nd St, New York, NY 10010, United States",,,
unknown — check profile page,Riche,"Birger Jarlsgatan 4, 114 34 Stockholm, Sweden",,,
unknown — check profile page,Flawd,"9 Keepers Quay, Manchester M4 6GL, United Kingdom",,,
unknown — check profile page,O Thessalos,"Melenikou 2, Athina 104 47, Greece",,,
unknown — check profile page,Savant Bar,"Tegnérgatan 4, 113 58 Stockholm, Sweden",,,
unknown — check profile page,Noma,"Refshalevej 96, 1432 Copenhagen, Denmark",,,
unknown — check profile page,Merito,"Jr, 28 De Julio 206, Barranco 15063, Peru",,,
unknown — check profile page,Bavel,"500 Mateo St, Los Angeles, CA 90013, United States",,,
unknown — check profile page,OPA,"Ha-Khalutzim St 8, Tel Aviv-Yafo, 6652308, Israel",,,
unknown — check profile page,Lokanta Kru,"Teşvikiye, Avukat, Av. Süreyya Ağaoğlu Sk. No:13, 34360 Şişli/Istanbul, Turkey",,,
unknown — check profile page,Curry 36,"Mehringdamm 36, 10961 Berlin, Germany",,,
unknown — check profile page,Avli psiri,"Ag. Dimitriou 12, Athina 105 54, Greece",,,
unknown — check profile page,Las Quince Letras,"C. de Mariano Abasolo 300, RUTA INDEPENDENCIA, Centro, 68000 Oaxaca de Juárez, Oax., Mexico",,,
unknown — check profile page,Beyti,"Şenlikköy, Florya, Orman Sk. No:6-8, 34153 Bakırköy/Istanbul, Turkey",,,
unknown — check profile page,Ristorante Biancofiore,"Corso Vittorio Emanuele II, 13, 70122 Bari BA, Italy",,,
unknown — check profile page,Kei,"5 Rue Coq Héron, 75001 Paris, France",,,
unknown — check profile page,Saltimportern Canteen,"Grimsbygatan 24, 211 20 Malmö, Sweden",,,
unknown — check profile page,Les Trois Royaumes,"25 Rue d'Enghien, 75010 Paris",,,
unknown — check profile page,Semea by Euskalduna,"Cais das Pedras 15, 4050-265 Porto, Portugal",,,
unknown — check profile page,Clown Bar,"114 Rue Amelot, 75011 Paris",,,
unknown — check profile page,Restaurant Le Divil,"9 Rue Fabriqués d'en Nabot, 66000 Perpignan",,,
unknown — check profile page,Yi Chan,"Rue Jules Van Praet 13, 1000 Bruxelles, Belgium",,,
unknown — check profile page,Ama Lachei,"Kallidromiou 69, Athina 106 83, Greece",,,
unknown — check profile page,Trippa,"Via Giorgio Vasari, 1, 20135 Milano MI, Italy",,,
unknown — check profile page,148 Gastroleku,"Iñigo Kalea, 1, 20003 Donostia, Gipuzkoa, Spain",,,
unknown — check profile page,Vinello a Milano,"Piazzale Veronica Gambara, 4, 20146 Milano MI, Italy",,,
unknown — check profile page,Toc al Mar,"Carrer Platja d'Aiguablava, 8, 17255 Begur, Girona, Spain",,,
unknown — check profile page,Le Servan,"32 Rue Saint-Maur, 75011 Paris",,,
unknown — check profile page,Kiff-Kiff,"213 Rue Léon Gambetta, 59000 Lille",,,
unknown — check profile page,HIBA,"Derech Menachem Begin 144, Tel Aviv-Yafo, 4692102, Israel",,,
unknown — check profile page,KOL,"Lower Ground Floor, 9 Seymour St, London W1H 7BA, United Kingdom",,,
unknown — check profile page,TINTO COFFEE SHOP,"163 Av. de l'Adour, 64600 Anglet",,,
unknown — check profile page,Ristorante Piazza Palmieri,"Largo Palmieri, 3, 70043 Monopoli BA, Italy",,,
unknown — check profile page,Kamezí Deli & Bistró,"C. Monaco, 2, 35580 Playa Blanca, Las Palmas, Spain",,,
unknown — check profile page,Bistrot Paul Bert,"18, rue Paul Bert, 75011 Paris",,,
unknown — check profile page,Fauna,"Küçükbakkalköy, Işıklar Cd. No:9 D:B, 34750 Ataşehir/Istanbul, Turkey",,,
unknown — check profile page,Lolo (Los Angeles),"5140 Sunset Blvd, Los Angeles, CA 90027, United States",,,
unknown — check profile page,Ngoc Xuyen Saigon,"4 Rue Caillaux, 75013 Paris, France",,,
unknown — check profile page,Xaman Bar,"Copenhague 6, Juárez, Cuauhtémoc, 06600 Ciudad de México, CDMX, Mexico",,,
unknown — check profile page,Le Tobsil,"Derb Abdellah Ben Hessein, R'Mila Bab Ksour, Medina, Marrakech 40000, Morocco",,,
unknown — check profile page,Contra,"138 Orchard St, New York, NY 10002, United States",,,
unknown — check profile page,République Café Bakery & République Restaurant,"624 S La Brea Ave, Los Angeles, CA 90036, United States",,,
unknown — check profile page,Café Nizza,"Åsögatan 171, 116 32 Stockholm, Sweden",,,
unknown — check profile page,Trattoria Del Pescatore,"Via Atto Vannucci, 5, 20135 Milano MI, Italy",,,
unknown — check profile page,Le Tire-Bouchon,"5 Rue des Tailleurs de Pierre, 67000 Strasbourg",,,
unknown — check profile page,L'Auberge du Père Bise - Jean Sulpice,"303 Rte du Port, 74290 Talloires-Montmin",,,
unknown — check profile page,Ostria,"Votsi, Idra 180 40, Greece",,,
unknown — check profile page,Comida Independente,"R. Cais do Tojo 28, 1200-649 Lisboa, Portugal",,,
unknown — check profile page,A.Wong,"70 Wilton Rd, Pimlico, London SW1V 1DE, United Kingdom",,,
unknown — check profile page,Sushi Noz,"181 E 78th St, New York, NY 10075, United States",,,
unknown — check profile page,Gatullo,,,,
unknown — check profile page,Thai-Art,"Kantstraße 57, 10627 Berlin, Germany",,,
unknown — check profile page,Moi,"Via Antonio Serra, 15, 00191 Roma RM, Italy",,,
unknown — check profile page,La Buvette,"67 Rue Saint-Maur, 75011 Paris",,,
unknown — check profile page,Brutus,"Eiriks gate 2, 0650 Oslo, Norway",,,
unknown — check profile page,Frenchie Bar à Vins,"6 Rue du Nil, 75002 Paris",,,
unknown — check profile page,Etiquette Wines,"Av. Louise 326, 1050 Bruxelles, Belgium",,,
unknown — check profile page,Tenuta Santu Vitu,"73013 Galatina, Province of Lecce, Italy",,,
unknown — check profile page,Sauced,"331 Bedford Ave, Brooklyn, NY 11211, United States",,,
unknown — check profile page,Markus Prime Ribs Society,"Maslak, Atatürk Oto Sanayi Sitesi No:3, 34485 Sarıyer/Istanbul, Turkey",,,
unknown — check profile page,The Argyll Arms,"18 Argyll St, Greater, London W1F 7TP, United Kingdom",,,
unknown — check profile page,Le Coucou,"138 Lafayette St, New York, NY 10013, United States",,,
unknown — check profile page,Mallard,"6 Rue Maraldi, 06300 Nice",,,
unknown — check profile page,La Mezcaloteca,"Reforma No. 506, RUTA INDEPENDENCIA, Centro, 68000 Oaxaca de Juárez, Oax., Mexico",,,
unknown — check profile page,Lorea,"Sinaloa 141, Roma Nte., Cuauhtémoc, 06700 Ciudad de México, CDMX, Mexico",,,
unknown — check profile page,Taberna da Rua das Flores,"Rua das Flores 103, 1200-194 Lisboa, Portugal",,,
unknown — check profile page,Merotoro,"Amsterdam 204, Hipódromo, Cuauhtémoc, 06100 Ciudad de México, CDMX, Mexico",,,
unknown — check profile page,Bar Bodega Quimet,"Carrer de Vic, 23, 08006 Barcelona, Spain",,,
unknown — check profile page,EXIT,"Piazza Erculea, 2, 20122 Milano MI, Italy",,,
unknown — check profile page,Almanegra Café,"Tonalá 53, Roma Nte., Cuauhtémoc, 06700 Ciudad de México, CDMX, Mexico",,,
unknown — check profile page,Trapizzino,"Piazza Trilussa, 46, 00153 Roma RM, Italy",,,
unknown — check profile page,Hugo el wine bar,"Av. Veracruz 38, Roma Nte., Cuauhtémoc, 06700 Ciudad de México, CDMX, Mexico",,,
unknown — check profile page,Antica Trattoria del Gallo,"Via Privata Gerli, 3, 20083 Gaggiano MI, Italy",,,
unknown — check profile page,Casa Julian,"Sta. Klara Kalea, 6, 20400 Tolosa, Gipuzkoa, Spain",,,
unknown — check profile page,La Cova Fumada,"C. del Baluard, 56, 08003 Barcelona, Spain",,,
unknown — check profile page,Boston Lobster Seafood Restaurant,"4501 Rosemead Blvd, Rosemead, CA 91770, United States",,,
unknown — check profile page,Julie Vinbar,"Tegelgårdsgatan 9, 211 33 Malmö, Sweden",,,
unknown — check profile page,Drink Kong,"Piazza di S. Martino Ai Monti, 8, 00154 Roma RM, Italy",,,
unknown — check profile page,Balat Sahil,"Balat, Mürselpaşa Cd. No:245, 34087 Fatih/İstanbul, Turkey",,,
unknown — check profile page,Soot Bull Jeep,"3136 W 8th St, Los Angeles, CA 90005, United States",,,
unknown — check profile page,Bodega de la Ardosa,"C. de Colón, 13, 28004 Madrid, Spain",,,
unknown — check profile page,Marigold,"Via Giovanni da Empoli, 37, 00154 Roma RM",,,
unknown — check profile page,La Natural,"7289 NW 2nd Ave, Miami, FL 33150, United States",,,
unknown — check profile page,La Paloma,"Carrer Can Pou, 4, 07812 Sant Llorenç de Balàfia, Balearic Islands, Spain",,,
unknown — check profile page,Zandunga Sabor Istmeño,"Manuel García Vigil # 512-E, Centro, 68000 Oaxaca de Juárez, Oax., Mexico",,,
unknown — check profile page,Vermeer,"Prins Hendrikkade 59-72, 1012 AD Amsterdam, Netherlands",,,
unknown — check profile page,Arakataka,"Mariboes gate 7B, 0183 Oslo, Norway",,,
unknown — check profile page,Gül Express,"Zollstrasse 11, 8005 Zürich, Switzerland",,,
unknown — check profile page,L'Oseille,"3 Rue Saint-Augustin, 75002 Paris",,,
unknown — check profile page,JaTak,"Rantzausgade 39, 2200 Copenhagen, Denmark",,,
unknown — check profile page,Gamper Bar,"Dienerstrasse 75, 8004 Zürich, Switzerland",,,
unknown — check profile page,Clamato,"80 Rue de Charonne, 75011 Paris",,,
unknown — check profile page,Palais Royal Restaurant,"110 Gal de Valois, 75001 Paris",,,
unknown — check profile page,Chiringuito de Cala Xuclar,"Ctra. Porinatx km 26.4, 07810 Porinatx, Balearic Islands, Spain",,,
unknown — check profile page,Guisados,"2100 E Cesar E Chavez Ave, Los Angeles, CA 90033",,,
unknown — check profile page,Comète,"35 Rue de la Grève, 35800 Saint-Lunaire",,,
unknown — check profile page,Bar Lupo,"Badenerstrasse 155, 8004 Zürich, Switzerland",,,
unknown — check profile page,Aux éphérites,"17 Rue Nicolas Leblanc, 59000 Lille",,,
unknown — check profile page,Din Tai Fung Covent Garden,"5 Henrietta St, London WC2E 8PS, United Kingdom",,,
unknown — check profile page,Mylos by the sea,"Leros 854 00, Greece",,,
unknown — check profile page,BRAT,"4 Redchurch St, London E1 6JL, United Kingdom",,,
unknown — check profile page,Sillon,"4 Rue Jean Bart, 64200 Biarritz",,,
unknown — check profile page,Le Villarret,"13 Rue Ternaux, 75011 Paris",,,
unknown — check profile page,chopsuey cafe,"10 Dempsey Rd, #01-23, Singapore 247700",,,
unknown — check profile page,Cafe Puaa,"Rabbi Yohanan St 8, Tel Aviv-Yafo, Israel",,,
unknown — check profile page,Arkestra,"Etiler, Dilhayat Sk. No:28, 34337 Beşiktaş/İstanbul, Turkey",,,
unknown — check profile page,Hunan,"51 Pimlico Rd, London SW1W 8NE, United Kingdom",,,
unknown — check profile page,Cafe Bellot,"71 Rue Jeanne d'Arc, 59000 Lille",,,
unknown — check profile page,Fradelai Bistro,"99 S Portland Ave, Brooklyn, NY 11217, United States",,,
unknown — check profile page,The IZAKA-YA by KATSU-YA West Hollywood,"8420 W 3rd St, Los Angeles, CA 90048, United States",,,
unknown — check profile page,Frangente,"Via Panfilo Castaldi, 4, 20124 Milano MI, Italy",,,
unknown — check profile page,Les Trois Coups Restaurant,"44 Rue Saint-Suffren, 13006 Marseille",,,
unknown — check profile page,KIN,"Meinrad-Lienert-Strasse 1, 8003 Zürich, Switzerland",,,
unknown — check profile page,Restaurant Villa Mas,"Passeig de Sant Pol, 95, 17220 Sant Feliu de Guixols, Girona, Spain",,,
unknown — check profile page,Bouchéry,"Chau. d'Alsemberg 812/A, 1180 Bruxelles, Belgium",,,
unknown — check profile page,As Bifanas do Afonso,"R. da Madalena 146, 1100-340 Lisboa, Portugal",,,
unknown — check profile page,Mrs. Robinsons,"Pappelallee 29, 10437 Berlin, Germany",,,
unknown — check profile page,Orilla Miami,"426 Euclid Ave, Miami Beach, FL 33139, United States",,,
unknown — check profile page,Sintrofi,"Doxis 7, Thessaloniki 546 25, Greece",,,
unknown — check profile page,Karaköy Lokantası,"Kemankeş Karamustafa Paşa, Kemankeş Cd. No:57, 34425 Beyoğlu/İstanbul, Turkey",,,
unknown — check profile page,CheLI,"19 St Marks Pl, New York, NY 10003, United States",,,
unknown — check profile page,Auberge d'Achtal,"Place du Fronton, 64200 Arcangues",,,
unknown — check profile page,Les Enfants du Marché,"Marché des Enfants Rouges, 39 Rue de Bretagne, 75003 Paris",,,
unknown — check profile page,Acte II,"93 Rue Vieille-du-Temple, 75003 Paris",,,
unknown — check profile page,Library Street,"101 Setanta Pl, Dublin 2, D02 W3Y7, Ireland",,,
unknown — check profile page,Pizzarium,"Via della Meloria, 43, 00136 Roma RM, Italy",,,
unknown — check profile page,Tsukizi,"2 Bis Rue des Ciseaux, 75006 Paris, France",,,
unknown — check profile page,Frenchie,"5 Rue du Nil, 75002 Paris",,,
unknown — check profile page,ORSONERO COFFEE,"Via Giuseppe Broggi, 15, 20129 Milano MI, Italien",,,
unknown — check profile page,Kabi,"Tokyo, Meguro City, Meguro, 4 Chome-10-8 2F, Japan",,,
unknown — check profile page,Vacarme,"5 Rue des Bons Français, 44000 Nantes",,,
unknown — check profile page,Mokonuts,"5 Rue Saint-Bernard, 75011 Paris",,,
unknown — check profile page,Le Mangeoire,"Rue du Congrès 34, 1000 Bruxelles, Belgium",,,
unknown — check profile page,Hoppenworth & Ploch Nordend,"Friedberger Landstraße 86, 60316 Frankfurt am Main, Germany",,,
unknown — check profile page,Le Severo,"8 Rue des Plantes, 75014 Paris",,,
unknown — check profile page,Certo,"Rue Longue Vie 48, 1050 Bruxelles, Belgium",,,
unknown — check profile page,Al Settimo Gelo,"Via Vodice, 21, 00195 Roma RM, Italy",,,
unknown — check profile page,Geralds Bar,"Iparragirre Kalea, 13, 20001 Donostia, Gipuzkoa, Spain",,,
unknown — check profile page,Cloudstreet,"84 Amoy St, Singapore 069903",,,
unknown — check profile page,Ca Na Toneta,"Carrer de s'Horitzó, 21, 07314 Caimari, Balearic Islands, Spain",,,
unknown — check profile page,Grezzo,"Bernt Ankers gate, 0183 Oslo, Norway",,,
unknown — check profile page,Berangkat,"Kyoto, Nakagyo Ward, Japan",,,
unknown — check profile page,Flippin Burgers,"Observatoriegatan 8, 113 29 Stockholm, Sweden",,,
unknown — check profile page,Romanè,[address partially visible],,,
unknown — check profile page,HaSalon by Chef Eyal Shani,"Ma'avar Yabok 8, Tel Aviv-Yafo, Israel",,,
unknown — check profile page,Mathias Dahlgren Matbaren,"Södra Blasieholmshamnen 6, 111 48 Stockholm, Sweden",,,
unknown — check profile page,Goustut,"Quai de la pêcherie Résidence Le Grand Pavois, 40130 Capbreton",,,
unknown — check profile page,Destroyer,"3578 Hayden Ave, Culver City, CA 90232, United States",,,
unknown — check profile page,Newport Seafood Restaurant,"518 W Las Tunas Dr, San Gabriel, CA 91776, United States",,,
unknown — check profile page,P Franco,"107 Lower Clapton Rd, Lower Clapton, London E5 0NP, United Kingdom",,,
unknown — check profile page,incirali Meyhanesi,"Beylerbeyi, Beylerbeyi iskele Cd. No:4, 34676 Üsküdar/Istanbul, Turkey",,,
unknown — check profile page,La Violeta Bar de vinos naturales,"C. del Baluard, 58, 08003 Barcelona, Spain",,,
unknown — check profile page,Da Tuccino,"Contrada Santa Caterina, 69/f, 70044 Polignano a Mare, Italy",,,
unknown — check profile page,Pigalle,"Carrer de Bastió, 4, 07703 Maó, Balearic Islands, Spain",,,
unknown — check profile page,La Cuccagna Giro di Vite,"Corso Umberto I, 168, 74012 Crispiano TA, Italy",,,
unknown — check profile page,Joséphine Chez Dumonet,"117 Rue du Cherche-Midi, 75006 Paris",,,
unknown — check profile page,Bar Exer,"Tellstrasse 10, 8004 Zürich, Switzerland",,,
unknown — check profile page,Golden Deli San Gabriel,"815 W Las Tunas Dr, San Gabriel, CA 91776, United States",,,
unknown — check profile page,Claire et Hugo,"77 Av. du Général Gallieni, 10300 Sainte-Savine",,,
unknown — check profile page,BAO,"53 Lexington St, Carnaby, London W1F 9AS, United Kingdom",,,
unknown — check profile page,La Grande table marocaine,"Rue Abou Abbas El Sebti Hôtel Royal Mansour, 40000, Morocco",,,
unknown — check profile page,Kødbyens Fiskebar,"Flæsketorvet 100, 1711 Copenhagen, Denmark",,,
unknown — check profile page,Azur,"Yeniköy, Köybaşı Cd. No:71, 34464 Sarıyer/Istanbul, Turkey",,,
unknown — check profile page,Sora Margherita,"Piazza delle Cinque Scole, 30, 00186 Roma RM, Italy",,,
unknown — check profile page,ARCA,"Av. Boca Paila, Tulum Beach, 77766 Tulum, Q.R., Mexico",,,
unknown — check profile page,La Cocina de Humo,"Murguía 304, RUTA INDEPENDENCIA, Centro, 68000 Oaxaca de Juárez, Oax.",,,
unknown — check profile page,Kinijiro,"424 E 2nd St, Los Angeles, CA 90012, United States",,,
unknown — check profile page,Il Re della Brace,"Piazza Oratorio, 6, 74026 Pulsano TA, Italy",,,
unknown — check profile page,Macelleria Popolare,"Piazza Ventiquattro Maggio, 4, 20123 Milano MI, Italy",,,
unknown — check profile page,Can Cisa/Bar Brutal,"Carrer de la Princesa, 14, 08003 Barcelona, Spain",,,
unknown — check profile page,Cervecerías La Mejillonera,"Calle del Puerto, 15, 20003 Donostia-San Sebastián, Gipuzkoa, Spain",,,
unknown — check profile page,Wils Bakery Cafe,"Stadionplein 24, 1076 CM Amsterdam, Netherlands",,,
unknown — check profile page,Konstantin Filippou,"Dominikanerbastei 17, 1010 Wien, Austria",,,
unknown — check profile page,Latta,"Via Antonio Pacinotti, 83, 00146 Roma RM, Italy",,,
unknown — check profile page,Evvai,"R. Joaquim Antunes, 108 - Pinheiros, São Paulo - SP, 05415-000, Brazil",,,
unknown — check profile page,Cenci,"44-7 Shogoin Entomicho, Sakyo Ward, Kyoto, 606-8323, Japan",,,
unknown — check profile page,Contraste,"18 Rue d'Anjou, 75008 Paris",,,
unknown — check profile page,Little Prince,"199 Prince St, New York, NY 10012, United States",,,
unknown — check profile page,Mazette,"15 Fbg Sainte-Claire, 74000 Annecy",,,
unknown — check profile page,Løkka Deli,"olaf ryes glass 3, 0552 Oslo, Norway",,,
unknown — check profile page,Basta Street Food Bar,"Caferağa, Sakız Sk. No:1, 34710 Kadıköy/Istanbul, Turkey",,,
unknown — check profile page,Toupeirinho,"R. Godinho 27, 4450-148 Matosinhos, Portugal",,,
unknown — check profile page,Zanze XVI,"Santa Croce, 231, 30135 Venezia VE, Italy",,,
unknown — check profile page,Quinsou,"33 Rue de l'Abbé Grégoire, 75006 Paris, France",,,
unknown — check profile page,Immorale bistrot,"Via Lecco, 15, 20124 Milano MI, Italy",,,
unknown — check profile page,Cho Dang Gol,"55 W 35th St, New York, NY 10001, United States",,,
unknown — check profile page,Corona Trattoria,"Via Guglielmo Marconi, 9, 90141 Palermo PA, Italy",,,
unknown — check profile page,los Pescaditos,"C. la Garita, 58, 35542 Arrieta, Las Palmas, Spain",,,
unknown — check profile page,La Banchina,"Refshalevej 141, 1432 Copenhagen, Denmark",,,
unknown — check profile page,Vantre,"19 Rue de la Fontaine au Roi, 75011 Paris",,,
unknown — check profile page,Hoppers,"49 Frith St, London W1D 4SG, United Kingdom",,,
unknown — check profile page,Xemei,"Passeig de l'Exposició, 85, 08004 Barcelona, Spain",,,
unknown — check profile page,Barra,"Okerstraße 2, 12049 Berlin, Germany",,,
unknown — check profile page,Taquería Orinoco,"Av. Álvaro Obregón 179, Roma Nte., Cuauhtémoc, 06700 Ciudad de México, CDMX, Mexico",,,
unknown — check profile page,Shabour,"19 Rue Saint-Sauveur, 75002 Paris",,,
unknown — check profile page,El Cup Vell,"C. d'En Ventallols, 8, 43003 Tarragona, Spain",,,
unknown — check profile page,Ask Kahve,"Kuruçeşme, Muallim Naci Cd. No:64 D:B, 34330 Beşiktaş/Istanbul, Turkey",,,
unknown — check profile page,Granite,"6 Rue Bailleul, 75001 Paris",,,
unknown — check profile page,Mijoté,"2400 Harrison St, San Francisco, CA 94110, United States",,,
unknown — check profile page,Rest,"Kirkegata 1-3, 0153 Oslo, Norway",,,
unknown — check profile page,Il Luogo di Aimo e Nadia,"Via Privata Raimondo Montecuccoli, 6, 20147 Milano MI, Italy",,,
unknown — check profile page,Boragó,"Av San Josemaría Escrivá de Balaguer 5970, Vitacura, Región Metropolitana, Chile",,,
unknown — check profile page,Ela!,"Kampos Patmos, Patmos Dodecanese 855 00, Greece",,,
unknown — check profile page,Mosu,"Seoul, Yongsan-gu, Itaewon-ro 55ga-gil, 45, South Korea",,,
unknown — check profile page,Jean Imbert au Plaza Athénée,"25 Av. Montaigne, 75008 Paris",,,
unknown — check profile page,Amaya,"Calle Gral. Prim 95, Juárez, Cuauhtémoc, 06600 Ciudad de México, CDMX, Mexico",,,
unknown — check profile page,Wijnbar Titulus,"Chau. de Wavre 167A, 1050 Ixelles, Belgium",,,
unknown — check profile page,TIMBERYARD,"10 Lady Lawson St, Edinburgh EH3 9DS, United Kingdom",,,
unknown — check profile page,Pichet,"14-15 Trinity St, Dublin 2, D02 T998, Ireland",,,
unknown — check profile page,Kobawoo House,"698 S Vermont Ave #109, Los Angeles, CA 90005, United States",,,
unknown — check profile page,The coconut club,"269 Beach Rd, Singapore 199546",,,
unknown — check profile page,L'ultima goccia,"14, Giuseppe Polignani, 70043 Monopoli BA, Italy",,,
unknown — check profile page,Totoraku,"10610 W Pico Blvd, Los Angeles, CA 90064, United States",,,
unknown — check profile page,Le Caravane,"Km 12 Route D'Amizmiz, Marrakech 40000, Morocco",,,
unknown — check profile page,Antiche Carampane,"Rio Terà de le Carampane, 1911, 30125 Venezia VE, Italy",,,
unknown — check profile page,S'Amarador,"Carrer de Pere Capllonch, 42, 07760 Ciutadella de Menorca, Balearic Islands, Spain",,,
unknown — check profile page,Kamouraska,[address not fully visible],,,
unknown — check profile page,OLD BOY,"Rue de Tenbosch 110, 1050 Ixelles, Belgium",,,
unknown — check profile page,Selma,"Rømersgade 20, 1362 Copenhagen, Denmark",,,
unknown — check profile page,Oxte,"5 Rue Troyon, 75017 Paris, France",,,
unknown — check profile page,The Little Yellow Door,"6-8 All Saints Rd, London W11 1HH, United Kingdom",,,
unknown — check profile page,Braceria dello Sport,[address not fully visible],,,
unknown — check profile page,New Hoa Khoan,"15 Av. de Choisy, 75013 Paris",,,
unknown — check profile page,Via Carota,"51 Grove St, New York, NY 10014, United States",,,
unknown — check profile page,Bar Augustin,"Pl. de España, 29, 07701 Mahón, Balearic Islands, Spain",,,
unknown — check profile page,Petrelle,"34 rue Pétrelle, 75009 Paris",,,
unknown — check profile page,A Cozinha do Manel,"Rua do Heroismo 215, 4300-255 Porto, Portugal",,,
unknown — check profile page,Sushi Yasuda,"204 E 43rd St, New York, NY 10017, United States",,,
unknown — check profile page,Augustiner-Keller,"Arnulfstraße 52, 80335 München, Germany",,,
unknown — check profile page,St. JOHN,"26 St John St, Barbican, London EC1M 4AY, United Kingdom",,,
unknown — check profile page,Le Perchoir by Manon Fleury,"14 Rue Crespin du Gast, 75011 Paris",,,
unknown — check profile page,Le Baratin,"3 Rue Jouye-Rouve, 75020 Paris, France",,,
unknown — check profile page,Iluka,"Peder Skrams Gade 15, 1054 Copenhagen, Denmark",,,
unknown — check profile page,Cave des Creux,"Courchevel, 73120 Courchevel",,,
unknown — check profile page,Le Tachinomi Desu,"Río Pánuco 132-1a, Cuauhtémoc, 06500 Ciudad de México, CDMX, Mexico",,,
unknown — check profile page,En Mets Fais ce Qu'il te Plaît,"43 Rue Chevreul, 69007 Lyon",,,
unknown — check profile page,Santa Katarina,"Har Sinai St 2, Tel Aviv-Yafo, Israel",,,
unknown — check profile page,Hambrè,"Carrer Ricardo Curtoys Gotarredona, 1, Local 9C, 07840 Santa Eulària des Riu, Balearic Islands, Spain",,,
unknown — check profile page,Le Gibolin,"13 Rue des Porcelets, 13200 Arles",,,
unknown — check profile page,Da Passano,"53 Quai Jérôme Comparetti, 20169 Bonifacio",,,
unknown — check profile page,Il Casta,"Tompazi, Idra 180 40, Greece",,,
unknown — check profile page,Batey Mojito and Guarapo Bar,"C. Centauro Sur, Tulum Centro, 77760 Tulum, Q.R., Mexico",,,
unknown — check profile page,Chéri Bibi,"50 Rue d'Espagne, 64200 Biarritz",,,
unknown — check profile page,CRABE-TORO,"17 Rue Caisserie, 13002 Marseille",,,
unknown — check profile page,Cenzontle,"Carretera Tulum-Boca Paila Km 7.3 S/N, 77780 Tulum, Q.R., Mexico",,,
unknown — check profile page,Oenosphère,"33 Rue de Zurich, 67000 Strasbourg",,,
unknown — check profile page,HaBasta,"HaShomer St 4, Tel Aviv-Yafo, Israel",,,
unknown — check profile page,Pasticceria Andrea Ascalone,"Via Vittorio Emanuele II, 17, 73013 Galatina LE, Italy",,,
unknown — check profile page,Cortijo La Mezcaleria,"5 de Mayo 305, RUTA INDEPENDENCIA, Centro, 68000 Oaxaca de Juárez, Oax., Mexico",,,
unknown — check profile page,Castello Hydra,"Kamini Hydra Island, 180 40, Greece",,,
unknown — check profile page,Quiosque São Paulo,"Praça São Paulo, 1200-194 Lisboa, Portugal",,,
unknown — check profile page,Dok,"Shlomo Ibn Gabirol St 27, Tel Aviv-Yafo, Israel",,,
unknown — check profile page,Europizza,"Gedempt Hamerkanaal 79, 1021 KP Amsterdam, Netherlands",,,
unknown — check profile page,Carøe,"51 Rue Gambetta, 64200 Biarritz",,,
unknown — check profile page,Pedro Lemos,"R. do Padre Luís Cabral 974, 4150-464 Porto, Portugal",,,
unknown — check profile page,Tippling club,"38 Tg Pagar Rd, Singapore 088461",,,
unknown — check profile page,Enoteca Vino al Vino,"Via Gaspare Spontini, 11, 20131 Milano, Italy",,,
unknown — check profile page,ernst,"Gerichtstraße 54, 13347 Berlin, Germany",,,
unknown — check profile page,Chantoiseau,"63 Rue Lepic, 75018 Paris",,,
unknown — check profile page,Apotek 57,"Fredericiagade 57, 1310 Copenhagen, Denmark",,,
unknown — check profile page,Arima. Basque Gastronomy,"C. de Ponzano, 51, 28003 Madrid, Spain",,,
unknown — check profile page,Itanonî,"Av Belisario Dominguez 513, Reforma, 68050 Oaxaca de Juárez, Oax., Mexico",,,
unknown — check profile page,Moúrga,"Christopoulou 12, Thessaloniki 546 35, Greece",,,
unknown — check profile page,Mikla,"Asmali Mescit, The Marmara Pera, Meşrutiyet Cd. No:15, 34430 Beyoğlu/Istanbul, Turkey",,,
unknown — check profile page,UGO Cocktail bar,"Via Corsico, 12, 20144 Milano MI, Italy",,,
unknown — check profile page,Dumbo,"64 Rue Jean-Baptiste Pigalle, 75009 Paris",,,
unknown — check profile page,Septime,"80 Rue de Charonne, 75011 Paris, France",,,
unknown — check profile page,ARENALES,"Boulevard Zumardia, 11, 20003 Donostia, Gipuzkoa, Spain",,,
unknown — check profile page,Playa Provisions,"119 Culver Blvd, Playa Del Rey, CA 90293, United States",,,
unknown — check profile page,Restaurante Bogavante,"Av. Marítima, 39, 35570 El Golfo, Las Palmas, Spain",,,
unknown — check profile page,Mendi,"Av. da Boavista 1430, 4100-114 Porto, Portugal",,,
unknown — check profile page,Auberge de Chassignolles,"Le Bourg, 43440 Chassignolles",,,
unknown — check profile page,Seychelles,"Keramikou 49, Athina 104 36, Greece",,,
unknown — check profile page,Pigeon,"Plaza Río de Janeiro 56, Roma Nte., Cuauhtémoc, 06700 Ciudad de México, CDMX, Mexico",,,
unknown — check profile page,Restaurant s'Estanc Vell,"Ctra. de Palma, 29, 07250 Vilafranca de Bonany, Balearic Islands, Spain",,,
unknown — check profile page,Sola,"12 Rue de l'Hôtel Colbert, 75005 Paris",,,
unknown — check profile page,Es Xarcu,"Cala Es Xarco, 07839 Sant Josep de sa Talaia, Balearic Islands, Spain",,,
unknown — check profile page,Fábrica Coffee Roasters,"R. das Portas de Santo Antão 136, 1150-269 Lisboa, Portugal",,,
unknown — check profile page,Vietnamese Delight Pho 99,"57/58 Amoy St, Singapore 069883",,,
unknown — check profile page,Tasca Celso y Manolo,"C. de la Libertad, 1, 28004 Madrid, Spain",,,
unknown — check profile page,Restaurant Tossal Gros,"Carretera de Prenafeta a L'illa s/n, 43400 Prenafeta, Tarragona, Spain",,,
unknown — check profile page,4850,"Camperstraat 48-50, 1091 AH Amsterdam, Netherlands",,,
unknown — check profile page,Pitiona,"C. de Ignacio Allende 114, RUTA INDEPENDENCIA, Centro, 68000 Oaxaca de Juárez, Oax., Mexico",,,
unknown — check profile page,Side Pie,"900 E Altadena Dr, Altadena, CA 91001, United States",,,
unknown — check profile page,Sa Trinxa,"Playa de Ses Salines, 07830 Sant Josep de sa Talaia, Balearic Islands, Spain",,,
unknown — check profile page,Hotel L'Arlatan,"20 Rue du Sauvage, 13200 Arles",,,
unknown — check profile page,Petra Roasting Co.,"Gayrettepe, Hoşsohbet Sokağı, 34349 Beşiktaş/Istanbul, Turkey",,,
unknown — check profile page,Sima,"Corso di Porta Vigentina, 12, 20122 Milano MI, Italy",,,
unknown — check profile page,Ibiza Food Studio,"Carrer Alt, 2, 07800 Eivissa, Balearic Islands, Spain",,,
unknown — check profile page,Rokai Ramen-Ya,"Río Ebro 89, Cuauhtémoc, 06500 Ciudad de México, CDMX, Mexico",,,
unknown — check profile page,Papi,"46 Rue Richer, 75009 Paris",,,
unknown — check profile page,Sauvage,"55 Rue du Cherche-Midi, 75006 Paris",,,
unknown — check profile page,Juntos,"Arhusgade 48, 2100 Copenhagen, Denmark",,,
unknown — check profile page,MONOCROM,"Pl. de Cardona, 4, 08006 Barcelona, Spain",,,
unknown — check profile page,La Petite Maison,"3 Pl. du Connétable, 18300 Sancerre",,,
unknown — check profile page,EL CANGREJO ROJO,"C. Roque Nublo, 11, 35510 Puerto del Carmen, Las Palmas, Spain",,,
unknown — check profile page,Bodega Donostiarra,"Peña y Goñi Kalea, 13, 20002 Donostia, Gipuzkoa, Spain",,,
unknown — check profile page,Becco,"Kristian Augusts gate 11, 0164 Oslo, Norway",,,
unknown — check profile page,Ogata,"16 Rue Debelleyme, 75003 Paris",,,
unknown — check profile page,Dos Pebrots,"Carrer del Dr. Dou, 19, 08001 Barcelona, Spain",,,
unknown — check profile page,Litro,"Via Fratelli Bonnet, 5, 00152 Roma RM, Italy",,,
unknown — check profile page,Boulenc,"C. Porfirio Diaz 207, RUTA INDEPENDENCIA, Centro, 68000 Oaxaca de Juárez, Oax., Mexico",,,
unknown — check profile page,Greyhound,"37 Berners St, London W1T 3LZ, United Kingdom",,,
unknown — check profile page,Restaurante 2000,"Lugar Playa, Benirrás, 07815 Sant Miquel de Balansàt, Balearic Islands, Spain",,,
unknown — check profile page,Ristorante Da Adolfo Di Bella Sergio,"Via Laurito, 40, 84017 Positano SA, Italy",,,
unknown — check profile page,Galopin,"3 Quai des Cordeliers, 74000 Annecy",,,
unknown — check profile page,Le Kitchen,"34 Rue Chevreul, 69007 Lyon",,,
unknown — check profile page,101 Gowrie,"Govert Flinckstraat 326HS, 1073 CJ Amsterdam, Netherlands",,,
unknown — check profile page,Brasserie du Diamant,"3 Av. Eugène Macchini, 20000 Ajaccio",,,
unknown — check profile page,Taqueria Los Cocuyos,"Calle de Bolívar 57, Centro Histórico, 06000 Ciudad de México, CDMX, Mexico",,,
unknown — check profile page,Racines,"8 Pass. des Panoramas, 75002 Paris",,,
unknown — check profile page,Majordomo,"1725 Naud St, Los Angeles, CA 90012, United States",,,
unknown — check profile page,Mono,"5/F, 18 On Lan St, Central, Hong Kong",,,
unknown — check profile page,Grá,"1524 Pizarro St, Los Angeles, CA 90026, United States",,,
unknown — check profile page,Da Martino,"Via Carlo Farini, 8, 20154 Milano MI, Italy",,,
unknown — check profile page,Nobelhart & Schmutzig,"Friedrichstraße 218, 10969 Berlin, Germany",,,
unknown — check profile page,Trattoria Fiori di Zucca,"Via Forlanini, 26, 73100 Lecce LE, Italy",,,
unknown — check profile page,Il Cucco,"Corso Umberto I, 137, 72014 Cisternino BR, Italy",,,
unknown — check profile page,Cocotte,"2 Cr d'Herbouville, 69004 Lyon",,,
unknown — check profile page,Le Tanjia,"Place des Ferblantiers, Marrakech 40000, Morocco",,,
unknown — check profile page,To Pefkaki,"Idra 180 40, Greece",,,
unknown — check profile page,Bar Jackalope,"515 W 7th St #200, Los Angeles, CA 90014, United States",,,
unknown — check profile page,L'Annexe Ravigote,"76 Rue Mazenod, 69003 Lyon",,,
unknown — check profile page,Chez Aline,"85 Rue de la Roquette, 75011 Paris, France",,,
unknown — check profile page,Le Dauphin,"131 Ave Parmentier, 75011 Paris, France",,,
unknown — check profile page,The Culpeper,"40 Commercial St, London E1 6LP, United Kingdom",,,
unknown — check profile page,Los Especiales,"Av Francisco I. Madero 71, Centro Histórico, 06000 Ciudad de México, CDMX, Mexico",,,
unknown — check profile page,Rosi,"Sihlfeld straße 89, 8004 Zürich, Switzerland",,,
unknown — check profile page,MANA - Aix,[address not fully visible],,,
unknown — check profile page,Adar,"49 Pass. des Panoramas, 75002 Paris",,,
unknown — check profile page,Atelier September,"Gothersgade 30, 1123 Copenhagen, Denmark",,,
unknown — check profile page,Gamper Restaurant,"Nietengasse 1, 8004 Zürich, Switzerland",,,
unknown — check profile page,Drum Cafe at Luma,"35 Av. Victor Hugo, 13200 Arles",,,
unknown — check profile page,Restaurant Le Lido - Lac du Bourget,"Bord du lac d'Aix les Bains, 73100 Tresserve",,,
unknown — check profile page,Cafe Luzia,"Oranienstraße 34, 10999 Berlin, Germany",,,
unknown — check profile page,Cafe Avissinia,"Kinetou 7, Athina 105 55, Greece",,,
unknown — check profile page,Zannier,"367 Rte du Crêt, 74120 Megève",,,
unknown — check profile page,Brutos,"5 Rue du Général Renault, 75011 Paris",,,
unknown — check profile page,Zoko Moko,"6 Rue Mazarin, 64500 Saint-Jean-de-Luz",,,
unknown — check profile page,Aurens Deli,"Godthåbsvej 35, st. th, 2000 Frederiksberg, Denmark",,,
unknown — check profile page,Chez Colin,"Fredensborveien 44, 0177 Oslo, Norway",,,
unknown — check profile page,Naïve,"2 bis Rue des Cardeurs, 66000 Perpignan",,,
unknown — check profile page,Succulent,"Rambla del Raval, 45, 08001 Barcelona, Spain",,,
unknown — check profile page,Trattoria Ai Cascinari,"Via D'Ossuna, 43/45, 90138 Palermo PA, Italy",,,
unknown — check profile page,Sagi Taverna,"3 Rue Fabriqués d'en Nadals, 66000 Perpignan",,,
unknown — check profile page,Hand In Hand Beijing Restaurant,"143 Jln Besar, Singapore 208859",,,
unknown — check profile page,Mother Wolf,"1545 Wilcox Ave, Los Angeles, CA 90028, United States",,,
unknown — check profile page,Le Benjamin,"Søndre gate 6, 0550 Oslo, Norway",,,
unknown — check profile page,El Bigotes - Bullit,"Camino Cala Boix a Cala Mastella, 138T, 07850 Cala Mastella, Balearic Islands, Spain",,,
unknown — check profile page,Linearetta,"Via Vincenzo Foppa, 4, 20144 Milano MI, Italy",,,
unknown — check profile page,Impérial Choisy,"32 Av. de Choisy, 75013 Paris",,,
unknown — check profile page,Experimental Cocktail Club Chinatown,"13a Gerrard St, London W1D 5PS, United Kingdom",,,
unknown — check profile page,BAK,"Van Diemenstraat 408, 1013 CR Amsterdam, Netherlands",,,
unknown — check profile page,Bar Basso,"Via Plinio, 39, 20133 Milano MI, Italy",,,
unknown — check profile page,Hangawi,"12 E 32nd St, New York, NY 10016, United States",,,
unknown — check profile page,Propaganda,"Vester Farimagsgade 2, 1606 Copenhagen, Denmark",,,
unknown — check profile page,Hos Fischer,"Victor Borges Pl. 12, 2100 Copenhagen, Denmark",,,
unknown — check profile page,Mont Bar,"C/ de la Diputació, 220, 08011 Barcelona, Spain",,,
unknown — check profile page,Sugarfish,"600 W 7th St Ste 150, Los Angeles, CA 90017, United States",,,
unknown — check profile page,Sushi Tetsu,"12 Jerusalem Passage, London EC1V 4JP, United Kingdom",,,
unknown — check profile page,L'Eau à la Bouche,"120 Cor Président John Fitzgerald Kennedy, 13007 Marseille",,,
unknown — check profile page,Los Danzantes,"C. Macedonio Alcalá 403-interior 4, RUTA INDEPENDENCIA, Centro, 68000 Oaxaca de Juárez, Oax., Mexico",,,
unknown — check profile page,Enoteca Bruni,"Borgo Ognissanti, 25 Rosso, 50123 Firenze FI, Italy",,,
unknown — check profile page,Brawn,"49 Columbia Rd, London E2 7RG, United Kingdom",,,
unknown — check profile page,Mariscos Jalisco,"3040 E Olympic Blvd, Los Angeles, CA 90023, United States",,,
unknown — check profile page,Jixiao's Buns,"91 Rue Beaubourg, 75003 Paris",,,
unknown — check profile page,Abri,"92 Rue du Faubourg Poissonnière, 75010 Paris",,,
unknown — check profile page,Big Lights,"61-17 Hannam-daero 20-gil, Yongsan-gu, Seoul, South Korea",,,
unknown — check profile page,Osteria Nonna Dora,"Piazza Colonna, 7/8, 90133 Palermo PA, Italy",,,
unknown — check profile page,Tamara,"15 Rue de Richelieu, 75001 Paris",,,
unknown — check profile page,Feitoria,"Altis Belem Hotel & Spa, Doca do Bom Sucesso, 1400-038 Lisboa, Portugal",,,
unknown — check profile page,Condesa DF,"Av. Veracruz 102, Roma Nte., Ciudad de México, CDMX 06700",,,
unknown — check profile page,Bye Bye Blues,"Via del Garofalo, 23, 90100 Palermo PA, Italy",,,
unknown — check profile page,Le Croissant by Prodi,"Piazza dei ciclamini, 3, 72012 Torre Santa Sabina BR, Italy",,,
unknown — check profile page,Westwind Orchard,"215 Lower Whitfield Rd, Accord, NY 12404, United States",,,
unknown — check profile page,Le Doyenné,"5 Rue Saint-Antoine, 91770 Saint-Vrain, France",,,
unknown — check profile page,Kafeteria August,"Universitetsgata 9, 0164 Oslo, Norway",,,
unknown — check profile page,Masseria Moroseta,"Contrada Lamacavallo, 72017 Ostuni BR, Italy",,,
unknown — check profile page,Lugosi Bar,"Reichenberger Str. 152, 10999 Berlin, Germany",,,
unknown — check profile page,L'Aménitè,"4 Rue Fénelon, 44000 Nantes",,,
unknown — check profile page,Onza,"Rabbi Hannina St 3, Tel Aviv-Yafo, Israel",,,
unknown — check profile page,Bincho Singapore,"78 Moh Guan Terrace, #01-19, Singapore 162078",,,
unknown — check profile page,Camphor,"923 E 3rd St Suite 109, Los Angeles, CA 90013, United States",,,
unknown — check profile page,IMA,"20 BD de la Tour d'Auvergne, 35000 Rennes",,,
unknown — check profile page,Caffè d'Oltremare,"Lungomare Cristoforo Colombo, 73039 Tricase LE, Italy",,,
unknown — check profile page,Manta,"Carretera Federal 1 Km. 5, 23456 Cabo San Lucas, B.C.S., Mexico",,,
unknown — check profile page,Jolene Well Street,"263 Well St, London E9 6RG, United Kingdom",,,
unknown — check profile page,Substance,"18 Rue de Chaillot, 75116 Paris",,,
unknown — check profile page,La Mère Brazier,"12 Rue Royale, 69001 Lyon",,,
unknown — check profile page,Sông Quê Café,"134 Kingsland Rd, London E2 8DY, United Kingdom",,,
unknown — check profile page,Eels,"27 Rue d'Hauteville, 75010 Paris",,,
unknown — check profile page,Tian Tian Hainanese Chicken Rice,"1 Kadayanallur St, #01-10/11, Singapore 069184",,,
unknown — check profile page,La Viña,"31 de Agosto Kalea, 3, 20003 Donostia, Gipuzkoa, Spain",,,
unknown — check profile page,Bæst,"Guldbergsgade 29, 2200 København N, Denmark",,,
unknown — check profile page,Marzapane,"Via Flaminia, 64, 00196 Roma RM, Italy",,,
unknown — check profile page,Lilia,"R. do Senado, 45 - Centro, Rio de Janeiro - RJ, 20231-005, Brazil",,,
unknown — check profile page,Brasserie Prins,"Gl. Kongevej 33B, 1610 Copenhagen, Denmark",,,
unknown — check profile page,Şahin lokantası,"Asmali Mescit, Orhan Adli Apaydın Sk. 11/A, 34430 Beyoğlu/Istanbul, Turkey",,,
unknown — check profile page,Restaurant Ca l'Angel,"Carrer del Marqués de Comillas, 139, 08202 Sabadell, Barcelona, Spain",,,
unknown — check profile page,Hams and Clams,"Marina Zeas, Pireas 185 37, Greece",,,
unknown — check profile page,Gaarden & Gaden,"Nørrebrogade 88, 2200 Copenhagen, Denmark",,,
unknown — check profile page,Gielina,"1429 Abbot Kinney Blvd, Venice, CA 90291, United States",,,
unknown — check profile page,Azar,"Rue de Yougoslavie, Marrakesh, Morocco",,,
unknown — check profile page,Vivant,"G/F, 8 Lyndhurst Terrace, Central, Hong Kong",,,
unknown — check profile page,Sollip,"Unit 1, 8 Melior St, London SE1 3QP, United Kingdom",,,
unknown — check profile page,Tayyabs,"83-89 Fieldgate St, London E1 1JU, United Kingdom",,,
unknown — check profile page,Osteria Ferrara,"7 Rue du Dahomey, 75011 Paris",,,
unknown — check profile page,Café des Ministères,"83 Rue de l'Université, 75007 Paris, France",,,
unknown — check profile page,Ancestral,"Oehlenschlægersgade 12, st th, 1663 Copenhagen, Denmark",,,
unknown — check profile page,Ristoro degli Angeli,"Via Luigi Orlando, 2, 00154 Roma RM, Italy",,,
unknown — check profile page,Kato,"777 S Alameda St Building 1, Suite 114, Los Angeles, CA 90021, United States",,,
unknown — check profile page,JaruBad,"Via Monte Sabotino, 5/a, 70011 Alberobello BA, Italy",,,
unknown — check profile page,Forno Campo de' Fiori,"Campo de' Fiori, 22, 00186 Roma RM, Italy",,,
unknown — check profile page,Limantour Polanco,"Oscar Wilde 9, Polanco, Miguel Hidalgo, 11560 Ciudad de México, CDMX, Mexico",,,
unknown — check profile page,Lolo cave à manger,"12 Rue de Châteaudun, 75009 Paris",,,
unknown — check profile page,FUD Bottega Sicula,"Via Casale, 8, 20144 Milano MI, Italy",,,
unknown — check profile page,Piperno Restaurant,"Via Monte dè Cenci, 9, 00186 Roma RM, Italy",,,
unknown — check profile page,Des Terres,"82 Rue Alexandre Dumas, 75020 Paris",,,
unknown — check profile page,Tacos al carbón. Los Picudos,"Moras 230, Tlacoquemecatl del Valle, Benito Juárez, 03200 Ciudad de México, CDMX, Mexico",,,
unknown — check profile page,Atoboy,"43 E 28th St, New York, NY 10016, United States",,,
unknown — check profile page,Gelateria Torcè,"Viale dell'Aeronautica, 105, 00144 Roma RM, Italy",,,
unknown — check profile page,Chairs,"Gronauer Str. 1, 60385 Frankfurt am Main, Germany",,,
unknown — check profile page,La Palette,"Rue Moulay Ali, Marrakesh 40000, Morocco",,,
unknown — check profile page,Moronas Café Roma,"Córdoba 95, Roma Nte., Cuauhtémoc, 06700 Ciudad de México, CDMX, Mexico",,,
unknown — check profile page,Legendary Bak Kut Teh At South Bridge,"46 South Bridge Rd, Singapore 058679",,,
unknown — check profile page,Bisavis,"C/ de Tavern, 11 bis, 08021 Barcelona, Spain",,,
unknown — check profile page,Trattoria Da Cesare al Casaletto,"Via del Casaletto, 45, 00151 Roma RM, Italy",,,
unknown — check profile page,Sforno,"Via Statilio Ottato, 110/116, 00175 Roma RM, Italy",,,
unknown — check profile page,Boleh Lah,"11 Rue Salomon Reinach, 69007 Lyon",,,
unknown — check profile page,Gjusta,"320 Sunset Ave, Venice, CA 90291, United States",,,
unknown — check profile page,Au Coin des Pucelles,"12 Rue des Pucelles, 67000 Strasbourg",,,
unknown — check profile page,Sqirl,"720 N Virgil Ave #4, Los Angeles, CA 90029, United States",,,
unknown — check profile page,Bar Pitti,"268 6th Ave, New York, NY 10014, United States",,,
unknown — check profile page,Maison Rostang,"20 Rue Rennequin, 75017 Paris",,,
unknown — check profile page,Maynats,"3 Rue du Hédas, 64000 Pau",,,
unknown — check profile page,Roscioli Salumeria con Cucina,"Via dei Giubbonari, 21, 00186 Roma RM",,,
unknown — check profile page,Dilia,"1 Rue d'Eupatoria, 75020 Paris",,,
unknown — check profile page,Ristorante Il Bastione - Terrazza sul mare,"Riviera Nazario Sauro, 28, 73014 Gallipoli LE, Italy",,,
unknown — check profile page,Spazio Niko Romito,[address not fully visible],,,
unknown — check profile page,KO-ISHI,"25 Rue Sainte, 13001 Marseille",,,
unknown — check profile page,Chardon,"37 Rue des Arènes, 13200 Arles",,,
unknown — check profile page,Cana Pepeta,"E-10, km 15-400, 07812 Sant Llorenç de Balafia, Balearic Islands, Spain",,,
unknown — check profile page,Granja dos Moinhos,"Rua do Moinho, nº3, 2065-631 Maçussa, Portugal",,,
unknown — check profile page,L'Ariadne Plage,"20 Rte des Sanguinaires, 20000 Ajaccio",,,
unknown — check profile page,Diporto,"Sokratous 9 & Theatrou, Athina 105 52, Greece",,,
unknown — check profile page,Jerry Thomas Speakeasy,"Vicolo Cellini, 30, 00186 Roma RM, Italy",,,
unknown — check profile page,Horses,"7617 Sunset Blvd, Los Angeles, CA 90046, United States",,,
unknown — check profile page,Sonoratown,"208 E 8th St, Los Angeles, CA 90014, United States",,,
unknown — check profile page,LURRA°,"396 Sekisenincho, Higashiyama Ward, Kyoto, 605-0021, Japan",,,
unknown — check profile page,Pulpería Santa Elvira,"Sta. Elvira 475, Santiago, Región Metropolitana, Chile",,,
unknown — check profile page,A.T,"4bis Rue du Cardinal Lemoine, 75005 Paris",,,
unknown — check profile page,Punk Royale,"Folkungagatan 128, 116 30 Stockholm, Sweden",,,
unknown — check profile page,La Réserve de Nice,"60 Bd Franck Pilatte, 06300 Nice",,,
unknown — check profile page,La Bonne Mère,"16 Rue Fort du Sanctuaire, 13006 Marseille",,,
unknown — check profile page,Café Binnenvisser,"Bilderdijkstraat 36, 1052 NB Amsterdam, Netherlands",,,
unknown — check profile page,Bar Pinotxo,"Mercado De La Boquería, 465 470, 08001 Barcelona, Spain",,,
unknown — check profile page,Vinoir,"Ripa di Porta Ticinese, 93, 20143 Milano, Italy",,,
unknown — check profile page,Ideal Casa,"R. Ten. Maia 22, 2825-322 Trafaria, Portugal",,,
unknown — check profile page,Chez Marie en Corse,"Bravone, T10, 20230 Linguizzetta",,,
unknown — check profile page,Studio x Kitchen,"Dronningens Tvæergade 52, 1302 Copenhagen, Denmark",,,
unknown — check profile page,Ze Kitchen Galerie,"4 Rue des Grands Augustins, 75006 Paris",,,
unknown — check profile page,La méduse,"10 Rue Portalis, 13100 Aix-en-Provence",,,
unknown — check profile page,Barabba,"Store Kongensgade 34, 1264 Copenhagen, Denmark",,,
unknown — check profile page,L'Aïr de Rien,"Pl. du Vieux Tilleul 14, 4130 Esneux, Belgium",,,
unknown — check profile page,Bar Milagros,"Paseo de Santa Gertrudis, 10, 07814 Eivissa, Balearic Islands, Spain",,,
unknown — check profile page,Pavé - Gelati&Granite,"Via Cesare Battisti, 21, 20122 Milano MI, Italien",,,
unknown — check profile page,La Manduca de Azagra,"C. de Sagasta, 14, 28004 Madrid, Spain",,,
unknown — check profile page,Maison Nosh,"Place François Villon, Les allées Provençales, 13100 Aix-en-Provence",,,
unknown — check profile page,Capitaine,"4 Imp. Guéménée, 75004 Paris",,,
unknown — check profile page,Els Pescadores,"Carrer de la Maquinista, 48, 08003 Barcelona, Spain",,,
unknown — check profile page,Origen,"Miguel Hidalgo 820, Centro, 68000 Oaxaca de Juárez, Oax., Mexico",,,
unknown — check profile page,Coco & Carmen,"Banérgatan 7, 114 56 Stockholm, Sweden",,,
unknown — check profile page,Sturehof,"Stureplan 2, 114 35 Stockholm, Sweden",,,
unknown — check profile page,Líder,"Alameda Eça de Queirós 120, Porto, Portugal",,,
unknown — check profile page,Trattoria al Moro,"Vicolo delle Bollette, 13, 00187 Roma RM, Italy",,,
unknown — check profile page,Marcore,"1 Rue des Panoramas, 75002 Paris",,,
unknown — check profile page,Caterine,"27 Rue Fontange, 13006 Marseille",,,
unknown — check profile page,Leku,"Carrer de Joan Güell, 189, 08028 Barcelona, Spain",,,
